<!DOCTYPE hibernate-configuration PUBLIC
	"-//Hibernate/Hibernate Configuration DTD 3.0//EN"
	"http://www.hibernate.org/dtd/hibernate-configuration-3.0.dtd">

<hibernate-configuration>
	<session-factory>
	
   		<property name="connection.url">jdbc:postgresql://localhost/projet2</property>
   		<property name="connection.driver_class">org.postgresql.Driver</property> <!-- DB Driver -->
   		<property name="connection.username">postgres</property> <!-- DB User -->
   		<property name="connection.password">admin</property> <!-- DB Password -->
   		
   		<property name="dialect">org.hibernate.dialect.PostgreSQLDialect</property> <!-- DB Dialect -->
   		<property name="hbm2ddl.auto">update</property> <!-- create / create-drop / update -->
		
		<property name="show_sql">true</property> <!-- Show SQL in console -->
		<property name="format_sql">true</property> <!-- Show SQL formatted -->
		
		<mapping class="beans.Task"/>
		
	</session-factory>
</hibernate-configuration>